id,timestamp,selatan,timur,utara,barat,bawah,atas,co2_concentration,ch4_concentration,dht_temperature,dht_humidity,bmp_temperature,bmp_pressure,sht31_temperature,sht31_humidity,approx_altitude,absolute_humidity,createdAt,updatedAt
1664041,Sun Jan 14 2024 07:01:00 GMT+0700 (Western Indonesia Time),0,0,0,0,0.01,0,65414,78680,29,57.6,26.52,996.64,26.57,71.45,65414,0.12,Sun Jan 14 2024 07:31:06 GMT+0700 (Western Indonesia Time),Sun Jan 14 2024 07:31:06 GMT+0700 (Western Indonesia Time)
1664042,Sun Jan 14 2024 07:01:00 GMT+0700 (Western Indonesia Time),0,0,0,0,0,0,65414,78680,29,57.6,26.51,996.81,26.56,71.5,65414,0.12,Sun Jan 14 2024 07:31:06 GMT+0700 (Western Indonesia Time),Sun Jan 14 2024 07:31:06 GMT+0700 (Western Indonesia Time)
1664043,Sun Jan 14 2024 07:01:00 GMT+0700 (Western Indonesia Time),0,0,0,0,0,0,65414,78680,29,57.6,26.51,996.93,26.56,71.46,65414,0.12,Sun Jan 14 2024 07:31:06 GMT+0700 (Western Indonesia Time),Sun Jan 14 2024 07:31:06 GMT+0700 (Western Indonesia Time)
1664044,Sun Jan 14 2024 07:01:00 GMT+0700 (Western Indonesia Time),0,0,0,0,0.01,0,65414,78680,29,57.6,26.52,997.11,26.57,71.47,65414,0.12,Sun Jan 14 2024 07:31:06 GMT+0700 (Western Indonesia Time),Sun Jan 14 2024 07:31:06 GMT+0700 (Western Indonesia Time)
1664045,Sun Jan 14 2024 07:01:00 GMT+0700 (Western Indonesia Time),0,0,0,0,0.01,0,65414,78680,29,57.6,26.52,997.18,26.57,71.46,65414,0.12,Sun Jan 14 2024 07:31:06 GMT+0700 (Western Indonesia Time),Sun Jan 14 2024 07:31:06 GMT+0700 (Western Indonesia Time)
1664046,Sun Jan 14 2024 07:01:01 GMT+0700 (Western Indonesia Time),0,0,0,0,0.01,0,65414,78680,29,57.6,26.52,997.21,26.56,71.46,65414,0.12,Sun Jan 14 2024 07:31:06 GMT+0700 (Western Indonesia Time),Sun Jan 14 2024 07:31:06 GMT+0700 (Western Indonesia Time)
1664047,Sun Jan 14 2024 07:01:01 GMT+0700 (Western Indonesia Time),0,0,0,0,0.01,0,65414,78680,29,57.6,26.52,997.25,26.57,71.48,65414,0.12,Sun Jan 14 2024 07:31:06 GMT+0700 (Western Indonesia Time),Sun Jan 14 2024 07:31:06 GMT+0700 (Western Indonesia Time)
1664048,Sun Jan 14 2024 07:01:01 GMT+0700 (Western Indonesia Time),0,0,0,0,0.01,0,65414,78680,29,57.6,26.52,997.28,26.55,71.45,65414,0.12,Sun Jan 14 2024 07:31:06 GMT+0700 (Western Indonesia Time),Sun Jan 14 2024 07:31:06 GMT+0700 (Western Indonesia Time)
1664049,Sun Jan 14 2024 07:01:01 GMT+0700 (Western Indonesia Time),0,0,0,0,0.01,0,65414,78680,29,57.6,26.52,997.29,26.56,71.45,65414,0.12,Sun Jan 14 2024 07:31:06 GMT+0700 (Western Indonesia Time),Sun Jan 14 2024 07:31:06 GMT+0700 (Western Indonesia Time)
1664050,Sun Jan 14 2024 07:01:01 GMT+0700 (Western Indonesia Time),0,0,0,0,0.01,0,65414,78680,29,57.6,26.52,997.31,26.59,71.49,65414,0.12,Sun Jan 14 2024 07:31:06 GMT+0700 (Western Indonesia Time),Sun Jan 14 2024 07:31:06 GMT+0700 (Western Indonesia Time)
1664051,Sun Jan 14 2024 07:01:02 GMT+0700 (Western Indonesia Time),0,0,0,0,0.01,0,65414,78680,29,58.1,26.52,997.32,26.57,71.46,65414,0.12,Sun Jan 14 2024 07:31:06 GMT+0700 (Western Indonesia Time),Sun Jan 14 2024 07:31:06 GMT+0700 (Western Indonesia Time)
1664052,Sun Jan 14 2024 07:01:02 GMT+0700 (Western Indonesia Time),0,0,0,0,0,0,65414,78680,29,58.1,26.52,997.32,26.57,71.45,65414,0.12,Sun Jan 14 2024 07:31:06 GMT+0700 (Western Indonesia Time),Sun Jan 14 2024 07:31:06 GMT+0700 (Western Indonesia Time)
1664053,Sun Jan 14 2024 07:01:02 GMT+0700 (Western Indonesia Time),0,0,0,0,0.01,0,65414,78680,29,58.1,26.52,997.32,26.59,71.43,65414,0.12,Sun Jan 14 2024 07:31:06 GMT+0700 (Western Indonesia Time),Sun Jan 14 2024 07:31:06 GMT+0700 (Western Indonesia Time)
1664054,Sun Jan 14 2024 07:01:02 GMT+0700 (Western Indonesia Time),0,0,0,0,0,0,65414,78680,29,58.1,26.52,997.32,26.57,71.44,65414,0.12,Sun Jan 14 2024 07:31:06 GMT+0700 (Western Indonesia Time),Sun Jan 14 2024 07:31:06 GMT+0700 (Western Indonesia Time)
1664055,Sun Jan 14 2024 07:01:02 GMT+0700 (Western Indonesia Time),0,0,0,0,0.01,0,65414,78680,29,58.1,26.52,997.33,26.59,71.48,65414,0.12,Sun Jan 14 2024 07:31:06 GMT+0700 (Western Indonesia Time),Sun Jan 14 2024 07:31:06 GMT+0700 (Western Indonesia Time)
1664056,Sun Jan 14 2024 07:01:03 GMT+0700 (Western Indonesia Time),0,0,0,0,0.01,0,65414,78680,29,58.1,26.52,997.32,26.6,71.43,65414,0.12,Sun Jan 14 2024 07:31:06 GMT+0700 (Western Indonesia Time),Sun Jan 14 2024 07:31:06 GMT+0700 (Western Indonesia Time)
1664057,Sun Jan 14 2024 07:01:03 GMT+0700 (Western Indonesia Time),0,0,0,0,0.01,0,65414,78680,29,58.1,26.52,997.34,26.59,71.46,65414,0.12,Sun Jan 14 2024 07:31:06 GMT+0700 (Western Indonesia Time),Sun Jan 14 2024 07:31:06 GMT+0700 (Western Indonesia Time)
1664058,Sun Jan 14 2024 07:01:03 GMT+0700 (Western Indonesia Time),0,0,0,0,0.01,0,65414,78680,29,58.1,26.52,997.35,26.57,71.43,65414,0.12,Sun Jan 14 2024 07:31:06 GMT+0700 (Western Indonesia Time),Sun Jan 14 2024 07:31:06 GMT+0700 (Western Indonesia Time)
1664059,Sun Jan 14 2024 07:01:03 GMT+0700 (Western Indonesia Time),0,0,0,0,0,0,65414,78680,29,58.1,26.52,997.34,26.57,71.46,65414,0.12,Sun Jan 14 2024 07:31:06 GMT+0700 (Western Indonesia Time),Sun Jan 14 2024 07:31:06 GMT+0700 (Western Indonesia Time)
1664060,Sun Jan 14 2024 07:01:03 GMT+0700 (Western Indonesia Time),0,0,0,0,0.01,0,65414,78680,29,58.1,26.52,997.34,26.6,71.41,65414,0.12,Sun Jan 14 2024 07:31:06 GMT+0700 (Western Indonesia Time),Sun Jan 14 2024 07:31:06 GMT+0700 (Western Indonesia Time)
1664061,Sun Jan 14 2024 07:01:04 GMT+0700 (Western Indonesia Time),0,0,0,0,0.01,0,65414,78680,29,58.1,26.52,997.33,26.57,71.44,65414,0.12,Sun Jan 14 2024 07:31:06 GMT+0700 (Western Indonesia Time),Sun Jan 14 2024 07:31:06 GMT+0700 (Western Indonesia Time)
1664062,Sun Jan 14 2024 07:01:04 GMT+0700 (Western Indonesia Time),0,0,0,0,0.01,0,65414,78680,29,58.1,26.52,997.34,26.6,71.43,65414,0.12,Sun Jan 14 2024 07:31:06 GMT+0700 (Western Indonesia Time),Sun Jan 14 2024 07:31:06 GMT+0700 (Western Indonesia Time)
1664063,Sun Jan 14 2024 07:01:04 GMT+0700 (Western Indonesia Time),0,0,0,0,0.01,0,65414,78680,29,58.1,26.52,997.35,26.6,71.42,65414,0.12,Sun Jan 14 2024 07:31:06 GMT+0700 (Western Indonesia Time),Sun Jan 14 2024 07:31:06 GMT+0700 (Western Indonesia Time)
1664064,Sun Jan 14 2024 07:01:04 GMT+0700 (Western Indonesia Time),0,0,0,0,0.01,0,65414,78680,29,58.1,26.52,997.36,26.61,71.43,65414,0.12,Sun Jan 14 2024 07:31:06 GMT+0700 (Western Indonesia Time),Sun Jan 14 2024 07:31:06 GMT+0700 (Western Indonesia Time)
1664065,Sun Jan 14 2024 07:01:04 GMT+0700 (Western Indonesia Time),0,0,0,0,0.32,0,65414,78680,29,58.1,26.53,997.36,26.6,71.43,65414,0.12,Sun Jan 14 2024 07:31:06 GMT+0700 (Western Indonesia Time),Sun Jan 14 2024 07:31:06 GMT+0700 (Western Indonesia Time)
1664066,Sun Jan 14 2024 07:01:05 GMT+0700 (Western Indonesia Time),0,0,0,0,0.01,0,65414,78680,29,58.1,26.53,997.37,26.61,71.39,65414,0.12,Sun Jan 14 2024 07:31:06 GMT+0700 (Western Indonesia Time),Sun Jan 14 2024 07:31:06 GMT+0700 (Western Indonesia Time)
1664067,Sun Jan 14 2024 07:01:05 GMT+0700 (Western Indonesia Time),0,0,0,0,0,0,65414,78680,29,58.1,26.53,997.37,26.6,71.41,65414,0.12,Sun Jan 14 2024 07:31:06 GMT+0700 (Western Indonesia Time),Sun Jan 14 2024 07:31:06 GMT+0700 (Western Indonesia Time)
1664068,Sun Jan 14 2024 07:01:05 GMT+0700 (Western Indonesia Time),0.16,0,0,0,0.01,0,65414,78680,29,58.1,26.53,997.36,26.61,71.4,65414,0.12,Sun Jan 14 2024 07:31:06 GMT+0700 (Western Indonesia Time),Sun Jan 14 2024 07:31:06 GMT+0700 (Western Indonesia Time)
1664069,Sun Jan 14 2024 07:01:05 GMT+0700 (Western Indonesia Time),0,0,0,0,0,0,65414,78680,29,58.1,26.53,997.36,26.59,71.41,65414,0.12,Sun Jan 14 2024 07:31:06 GMT+0700 (Western Indonesia Time),Sun Jan 14 2024 07:31:06 GMT+0700 (Western Indonesia Time)
1664070,Sun Jan 14 2024 07:01:05 GMT+0700 (Western Indonesia Time),0,0,0,0,0.01,0,65414,78680,29,58.1,26.53,997.36,26.6,71.38,65414,0.12,Sun Jan 14 2024 07:31:06 GMT+0700 (Western Indonesia Time),Sun Jan 14 2024 07:31:06 GMT+0700 (Western Indonesia Time)
1664071,Sun Jan 14 2024 07:01:06 GMT+0700 (Western Indonesia Time),0,0,0,0,0.01,0,65414,78680,29,58.1,26.53,997.36,26.6,71.41,65414,0.12,Sun Jan 14 2024 07:31:06 GMT+0700 (Western Indonesia Time),Sun Jan 14 2024 07:31:06 GMT+0700 (Western Indonesia Time)
1664072,Sun Jan 14 2024 07:01:06 GMT+0700 (Western Indonesia Time),0,0,0,0,0,0,65414,78680,29,58.1,26.53,997.36,26.6,71.41,65414,0.12,Sun Jan 14 2024 07:31:06 GMT+0700 (Western Indonesia Time),Sun Jan 14 2024 07:31:06 GMT+0700 (Western Indonesia Time)
1664073,Sun Jan 14 2024 07:01:06 GMT+0700 (Western Indonesia Time),0,0,0,0,0.01,0,65414,78680,29,58.1,26.53,997.36,26.6,71.39,65414,0.12,Sun Jan 14 2024 07:31:06 GMT+0700 (Western Indonesia Time),Sun Jan 14 2024 07:31:06 GMT+0700 (Western Indonesia Time)
1664074,Sun Jan 14 2024 07:01:06 GMT+0700 (Western Indonesia Time),0,0,0,0,0.01,0,65414,78680,29,58.1,26.53,997.36,26.61,71.4,65414,0.12,Sun Jan 14 2024 07:31:06 GMT+0700 (Western Indonesia Time),Sun Jan 14 2024 07:31:06 GMT+0700 (Western Indonesia Time)
1664075,Sun Jan 14 2024 07:01:06 GMT+0700 (Western Indonesia Time),0,0,0,0,0.01,0,65414,78680,29,58.1,26.53,997.36,26.6,71.36,65414,0.12,Sun Jan 14 2024 07:31:06 GMT+0700 (Western Indonesia Time),Sun Jan 14 2024 07:31:06 GMT+0700 (Western Indonesia Time)
1664076,Sun Jan 14 2024 07:01:07 GMT+0700 (Western Indonesia Time),0,0,0,0,0.01,0,65414,78680,29,58.1,26.53,997.36,26.61,71.36,65414,0.12,Sun Jan 14 2024 07:31:06 GMT+0700 (Western Indonesia Time),Sun Jan 14 2024 07:31:06 GMT+0700 (Western Indonesia Time)
1664077,Sun Jan 14 2024 07:01:07 GMT+0700 (Western Indonesia Time),0,0,0,0,0.32,0,65414,78680,29,58.1,26.53,997.36,26.61,71.38,65414,0.12,Sun Jan 14 2024 07:31:06 GMT+0700 (Western Indonesia Time),Sun Jan 14 2024 07:31:06 GMT+0700 (Western Indonesia Time)
1664078,Sun Jan 14 2024 07:01:07 GMT+0700 (Western Indonesia Time),0,0,0,0,0.01,0,65414,78680,29,58.1,26.53,997.37,26.61,71.41,65414,0.12,Sun Jan 14 2024 07:31:06 GMT+0700 (Western Indonesia Time),Sun Jan 14 2024 07:31:06 GMT+0700 (Western Indonesia Time)
1664079,Sun Jan 14 2024 07:01:07 GMT+0700 (Western Indonesia Time),0,0,0,0,0.01,0,65414,78680,29,58.1,26.53,997.38,26.61,71.37,65414,0.12,Sun Jan 14 2024 07:31:06 GMT+0700 (Western Indonesia Time),Sun Jan 14 2024 07:31:06 GMT+0700 (Western Indonesia Time)
1664080,Sun Jan 14 2024 07:01:07 GMT+0700 (Western Indonesia Time),0,0,0,0,0.01,0,65414,78680,29,58.1,26.53,997.38,26.59,71.38,65414,0.12,Sun Jan 14 2024 07:31:06 GMT+0700 (Western Indonesia Time),Sun Jan 14 2024 07:31:06 GMT+0700 (Western Indonesia Time)
1664081,Sun Jan 14 2024 07:01:08 GMT+0700 (Western Indonesia Time),0.16,0,0,0,0,0,65414,78680,29,58.1,26.53,997.36,26.6,71.37,65414,0.12,Sun Jan 14 2024 07:31:06 GMT+0700 (Western Indonesia Time),Sun Jan 14 2024 07:31:06 GMT+0700 (Western Indonesia Time)
1664082,Sun Jan 14 2024 07:01:08 GMT+0700 (Western Indonesia Time),0,0,0,0,0.01,0,65414,78680,29,58.1,26.53,997.37,26.63,71.36,65414,0.12,Sun Jan 14 2024 07:31:06 GMT+0700 (Western Indonesia Time),Sun Jan 14 2024 07:31:06 GMT+0700 (Western Indonesia Time)
1664083,Sun Jan 14 2024 07:01:08 GMT+0700 (Western Indonesia Time),0,0,0,0,0,0,65414,78680,29,58.1,26.53,997.35,26.61,71.35,65414,0.12,Sun Jan 14 2024 07:31:06 GMT+0700 (Western Indonesia Time),Sun Jan 14 2024 07:31:06 GMT+0700 (Western Indonesia Time)
1664084,Sun Jan 14 2024 07:01:08 GMT+0700 (Western Indonesia Time),0,0,0,0,0.01,0,65414,78680,29,58.1,26.53,997.35,26.63,71.33,65414,0.12,Sun Jan 14 2024 07:31:06 GMT+0700 (Western Indonesia Time),Sun Jan 14 2024 07:31:06 GMT+0700 (Western Indonesia Time)
1664085,Sun Jan 14 2024 07:01:08 GMT+0700 (Western Indonesia Time),0,0,0,0,0.01,0,65414,78680,29,58.1,26.53,997.36,26.61,71.35,65414,0.12,Sun Jan 14 2024 07:31:06 GMT+0700 (Western Indonesia Time),Sun Jan 14 2024 07:31:06 GMT+0700 (Western Indonesia Time)
1664086,Sun Jan 14 2024 07:01:09 GMT+0700 (Western Indonesia Time),0,0,0,0,0.01,0,65414,78680,29,58.1,26.53,997.36,26.63,71.35,65414,0.12,Sun Jan 14 2024 07:31:06 GMT+0700 (Western Indonesia Time),Sun Jan 14 2024 07:31:06 GMT+0700 (Western Indonesia Time)
1664087,Sun Jan 14 2024 07:01:09 GMT+0700 (Western Indonesia Time),0,0,0,0,0,0,65414,78680,29,58.1,26.53,997.36,26.64,71.37,65414,0.12,Sun Jan 14 2024 07:31:06 GMT+0700 (Western Indonesia Time),Sun Jan 14 2024 07:31:06 GMT+0700 (Western Indonesia Time)
1664088,Sun Jan 14 2024 07:01:09 GMT+0700 (Western Indonesia Time),0,0,0,0,0.01,0,65414,78680,29,58.1,26.53,997.37,26.63,71.34,65414,0.12,Sun Jan 14 2024 07:31:06 GMT+0700 (Western Indonesia Time),Sun Jan 14 2024 07:31:06 GMT+0700 (Western Indonesia Time)
1664089,Sun Jan 14 2024 07:01:09 GMT+0700 (Western Indonesia Time),0.16,0,0,0,0,0,65414,78680,29,58.1,26.53,997.36,26.63,71.35,65414,0.12,Sun Jan 14 2024 07:31:06 GMT+0700 (Western Indonesia Time),Sun Jan 14 2024 07:31:06 GMT+0700 (Western Indonesia Time)
1664090,Sun Jan 14 2024 07:01:09 GMT+0700 (Western Indonesia Time),0,0,0,0,0,0,65414,78680,29,58.1,26.53,997.35,26.61,71.34,65414,0.12,Sun Jan 14 2024 07:31:06 GMT+0700 (Western Indonesia Time),Sun Jan 14 2024 07:31:06 GMT+0700 (Western Indonesia Time)
1664091,Sun Jan 14 2024 07:01:10 GMT+0700 (Western Indonesia Time),0,0,0,0,0.01,0,65414,78680,29,58.1,26.53,997.34,26.61,71.34,65414,0.12,Sun Jan 14 2024 07:31:06 GMT+0700 (Western Indonesia Time),Sun Jan 14 2024 07:31:06 GMT+0700 (Western Indonesia Time)
1664092,Sun Jan 14 2024 07:01:10 GMT+0700 (Western Indonesia Time),0,0,0,0,0,0,65414,78680,29,58.1,26.53,997.34,26.63,71.33,65414,0.12,Sun Jan 14 2024 07:31:06 GMT+0700 (Western Indonesia Time),Sun Jan 14 2024 07:31:06 GMT+0700 (Western Indonesia Time)
1664093,Sun Jan 14 2024 07:01:10 GMT+0700 (Western Indonesia Time),0,0,0,0,0.01,0,65414,78680,29,58.1,26.53,997.34,26.61,71.33,65414,0.12,Sun Jan 14 2024 07:31:06 GMT+0700 (Western Indonesia Time),Sun Jan 14 2024 07:31:06 GMT+0700 (Western Indonesia Time)
1664094,Sun Jan 14 2024 07:01:10 GMT+0700 (Western Indonesia Time),0,0,0,0,0,0,65414,78680,29,58.1,26.53,997.35,26.63,71.31,65414,0.12,Sun Jan 14 2024 07:31:06 GMT+0700 (Western Indonesia Time),Sun Jan 14 2024 07:31:06 GMT+0700 (Western Indonesia Time)
1664095,Sun Jan 14 2024 07:01:10 GMT+0700 (Western Indonesia Time),0,0,0,0,0.01,0,65414,78680,29,58.1,26.53,997.36,26.64,71.28,65414,0.12,Sun Jan 14 2024 07:31:06 GMT+0700 (Western Indonesia Time),Sun Jan 14 2024 07:31:06 GMT+0700 (Western Indonesia Time)
1664096,Sun Jan 14 2024 07:01:11 GMT+0700 (Western Indonesia Time),0,0,0,0,0.01,0,65414,78680,29,58.1,26.53,997.35,26.64,71.31,65414,0.12,Sun Jan 14 2024 07:31:06 GMT+0700 (Western Indonesia Time),Sun Jan 14 2024 07:31:06 GMT+0700 (Western Indonesia Time)
1664097,Sun Jan 14 2024 07:01:11 GMT+0700 (Western Indonesia Time),0,0,0,0,0,0,65414,78680,29,58.1,26.53,997.34,26.64,71.34,65414,0.12,Sun Jan 14 2024 07:31:06 GMT+0700 (Western Indonesia Time),Sun Jan 14 2024 07:31:06 GMT+0700 (Western Indonesia Time)
1664098,Sun Jan 14 2024 07:01:11 GMT+0700 (Western Indonesia Time),0,0,0,0,0,0,65414,78680,29,58.1,26.53,997.34,26.64,71.3,65414,0.12,Sun Jan 14 2024 07:31:06 GMT+0700 (Western Indonesia Time),Sun Jan 14 2024 07:31:06 GMT+0700 (Western Indonesia Time)
1664099,Sun Jan 14 2024 07:01:11 GMT+0700 (Western Indonesia Time),0,0,0,0,0,0,65414,78680,29,58.1,26.53,997.36,26.63,71.32,65414,0.12,Sun Jan 14 2024 07:31:06 GMT+0700 (Western Indonesia Time),Sun Jan 14 2024 07:31:06 GMT+0700 (Western Indonesia Time)
1664100,Sun Jan 14 2024 07:01:11 GMT+0700 (Western Indonesia Time),0,0,0,0,0.01,0,65414,78680,29,58.1,26.53,997.36,26.63,71.32,65414,0.12,Sun Jan 14 2024 07:31:06 GMT+0700 (Western Indonesia Time),Sun Jan 14 2024 07:31:06 GMT+0700 (Western Indonesia Time)
1664101,Sun Jan 14 2024 07:01:12 GMT+0700 (Western Indonesia Time),0,0,0,0,0.01,0,65414,78680,29,58.1,26.53,997.37,26.66,71.31,65414,0.12,Sun Jan 14 2024 07:31:06 GMT+0700 (Western Indonesia Time),Sun Jan 14 2024 07:31:06 GMT+0700 (Western Indonesia Time)
1664102,Sun Jan 14 2024 07:01:12 GMT+0700 (Western Indonesia Time),0,0,0,0,0.01,0,65414,78680,29,58.1,26.53,997.37,26.64,71.29,65414,0.12,Sun Jan 14 2024 07:31:06 GMT+0700 (Western Indonesia Time),Sun Jan 14 2024 07:31:06 GMT+0700 (Western Indonesia Time)
1664103,Sun Jan 14 2024 07:01:12 GMT+0700 (Western Indonesia Time),0,0,0,0,0.01,0,65414,78680,29,58.1,26.53,997.37,26.63,71.26,65414,0.12,Sun Jan 14 2024 07:31:06 GMT+0700 (Western Indonesia Time),Sun Jan 14 2024 07:31:06 GMT+0700 (Western Indonesia Time)
1664104,Sun Jan 14 2024 07:01:12 GMT+0700 (Western Indonesia Time),0,0,0,0,0.01,0,65414,78680,29,58.1,26.53,997.36,26.64,71.28,65414,0.12,Sun Jan 14 2024 07:31:06 GMT+0700 (Western Indonesia Time),Sun Jan 14 2024 07:31:06 GMT+0700 (Western Indonesia Time)
1664105,Sun Jan 14 2024 07:01:12 GMT+0700 (Western Indonesia Time),0,0,0,0,0.01,0,65414,78680,29,58.1,26.53,997.37,26.63,71.27,65414,0.12,Sun Jan 14 2024 07:31:06 GMT+0700 (Western Indonesia Time),Sun Jan 14 2024 07:31:06 GMT+0700 (Western Indonesia Time)
1664106,Sun Jan 14 2024 07:01:13 GMT+0700 (Western Indonesia Time),0.16,0,0,0,0.01,0,65414,78680,29,58.1,26.53,997.37,26.64,71.28,65414,0.12,Sun Jan 14 2024 07:31:06 GMT+0700 (Western Indonesia Time),Sun Jan 14 2024 07:31:06 GMT+0700 (Western Indonesia Time)
1664107,Sun Jan 14 2024 07:01:13 GMT+0700 (Western Indonesia Time),0,0,0,0,0.01,0,65414,78680,29,58.1,26.53,997.36,26.64,71.25,65414,0.12,Sun Jan 14 2024 07:31:06 GMT+0700 (Western Indonesia Time),Sun Jan 14 2024 07:31:06 GMT+0700 (Western Indonesia Time)
1664108,Sun Jan 14 2024 07:01:13 GMT+0700 (Western Indonesia Time),0,0,0,0,0.01,0,65414,78680,29,58.1,26.53,997.36,26.63,71.27,65414,0.12,Sun Jan 14 2024 07:31:06 GMT+0700 (Western Indonesia Time),Sun Jan 14 2024 07:31:06 GMT+0700 (Western Indonesia Time)
1664109,Sun Jan 14 2024 07:01:13 GMT+0700 (Western Indonesia Time),0,0,0,0,0,0,65414,78680,29,58.1,26.53,997.37,26.63,71.25,65414,0.12,Sun Jan 14 2024 07:31:06 GMT+0700 (Western Indonesia Time),Sun Jan 14 2024 07:31:06 GMT+0700 (Western Indonesia Time)
1664110,Sun Jan 14 2024 07:01:13 GMT+0700 (Western Indonesia Time),0,0,0,0,0.01,0,65414,78680,29,58.1,26.53,997.36,26.64,71.25,65414,0.12,Sun Jan 14 2024 07:31:06 GMT+0700 (Western Indonesia Time),Sun Jan 14 2024 07:31:06 GMT+0700 (Western Indonesia Time)
1664111,Sun Jan 14 2024 07:01:14 GMT+0700 (Western Indonesia Time),0,0,0,0,0.01,0,65414,78680,29,58.1,26.53,997.36,26.66,71.24,65414,0.12,Sun Jan 14 2024 07:31:06 GMT+0700 (Western Indonesia Time),Sun Jan 14 2024 07:31:06 GMT+0700 (Western Indonesia Time)
1664112,Sun Jan 14 2024 07:01:14 GMT+0700 (Western Indonesia Time),0,0,0,0,0.01,0,65414,78680,29,58.1,26.53,997.36,26.64,71.24,65414,0.12,Sun Jan 14 2024 07:31:06 GMT+0700 (Western Indonesia Time),Sun Jan 14 2024 07:31:06 GMT+0700 (Western Indonesia Time)
1664113,Sun Jan 14 2024 07:01:14 GMT+0700 (Western Indonesia Time),0,0,0,0,0.01,0,65414,78680,29,58.1,26.53,997.36,26.66,71.19,65414,0.12,Sun Jan 14 2024 07:31:06 GMT+0700 (Western Indonesia Time),Sun Jan 14 2024 07:31:06 GMT+0700 (Western Indonesia Time)
1664114,Sun Jan 14 2024 07:01:14 GMT+0700 (Western Indonesia Time),0,0,0,0,0.01,0,65414,78680,29,58.1,26.53,997.36,26.66,71.24,65414,0.12,Sun Jan 14 2024 07:31:06 GMT+0700 (Western Indonesia Time),Sun Jan 14 2024 07:31:06 GMT+0700 (Western Indonesia Time)
1664115,Sun Jan 14 2024 07:01:14 GMT+0700 (Western Indonesia Time),0,0,0,0,0.01,0,65414,78680,29,58.1,26.53,997.36,26.61,71.22,65414,0.12,Sun Jan 14 2024 07:31:06 GMT+0700 (Western Indonesia Time),Sun Jan 14 2024 07:31:06 GMT+0700 (Western Indonesia Time)
1664116,Sun Jan 14 2024 07:01:15 GMT+0700 (Western Indonesia Time),0,0,0,0,0.01,0,65414,78680,29,58.1,26.53,997.37,26.66,71.24,65414,0.12,Sun Jan 14 2024 07:31:06 GMT+0700 (Western Indonesia Time),Sun Jan 14 2024 07:31:06 GMT+0700 (Western Indonesia Time)
1664117,Sun Jan 14 2024 07:01:15 GMT+0700 (Western Indonesia Time),0,0,0,0,0.01,0,65414,78680,29,58.1,26.53,997.37,26.66,71.22,65414,0.12,Sun Jan 14 2024 07:31:06 GMT+0700 (Western Indonesia Time),Sun Jan 14 2024 07:31:06 GMT+0700 (Western Indonesia Time)
1664118,Sun Jan 14 2024 07:01:15 GMT+0700 (Western Indonesia Time),0,0,0,0,0.01,0,65414,78680,29,58.1,26.53,997.36,26.66,71.24,65414,0.12,Sun Jan 14 2024 07:31:06 GMT+0700 (Western Indonesia Time),Sun Jan 14 2024 07:31:06 GMT+0700 (Western Indonesia Time)
1664119,Sun Jan 14 2024 07:01:15 GMT+0700 (Western Indonesia Time),0,0,0,0,0.01,0,65414,78680,29,58.1,26.53,997.35,26.63,71.2,65414,0.12,Sun Jan 14 2024 07:31:06 GMT+0700 (Western Indonesia Time),Sun Jan 14 2024 07:31:06 GMT+0700 (Western Indonesia Time)
1664120,Sun Jan 14 2024 07:01:15 GMT+0700 (Western Indonesia Time),0,0,0,0,0.01,0,65414,78680,29,58.1,26.53,997.36,26.67,71.18,65414,0.12,Sun Jan 14 2024 07:31:06 GMT+0700 (Western Indonesia Time),Sun Jan 14 2024 07:31:06 GMT+0700 (Western Indonesia Time)
1664121,Sun Jan 14 2024 07:01:15 GMT+0700 (Western Indonesia Time),0,0,0,0,0.01,0,65414,78680,29,58.1,26.53,997.35,26.64,71.22,65414,0.12,Sun Jan 14 2024 07:31:06 GMT+0700 (Western Indonesia Time),Sun Jan 14 2024 07:31:06 GMT+0700 (Western Indonesia Time)
1664122,Sun Jan 14 2024 07:01:16 GMT+0700 (Western Indonesia Time),0.16,0,0,0,0,0,65414,78680,29,58.1,26.53,997.36,26.66,71.19,65414,0.12,Sun Jan 14 2024 07:31:06 GMT+0700 (Western Indonesia Time),Sun Jan 14 2024 07:31:06 GMT+0700 (Western Indonesia Time)
1664123,Sun Jan 14 2024 07:01:16 GMT+0700 (Western Indonesia Time),0,0,0,0,0.01,0,65414,78680,29,58.1,26.53,997.36,26.64,71.19,65414,0.12,Sun Jan 14 2024 07:31:06 GMT+0700 (Western Indonesia Time),Sun Jan 14 2024 07:31:06 GMT+0700 (Western Indonesia Time)
1664124,Sun Jan 14 2024 07:01:16 GMT+0700 (Western Indonesia Time),0,0,0,0,0,0,65414,78680,29,58.1,26.53,997.36,26.67,71.18,65414,0.12,Sun Jan 14 2024 07:31:06 GMT+0700 (Western Indonesia Time),Sun Jan 14 2024 07:31:06 GMT+0700 (Western Indonesia Time)
1664125,Sun Jan 14 2024 07:01:16 GMT+0700 (Western Indonesia Time),0,0,0,0,0,0,65414,78680,29,58.1,26.53,997.37,26.61,71.22,65414,0.12,Sun Jan 14 2024 07:31:06 GMT+0700 (Western Indonesia Time),Sun Jan 14 2024 07:31:06 GMT+0700 (Western Indonesia Time)
1664126,Sun Jan 14 2024 07:01:16 GMT+0700 (Western Indonesia Time),0,0,0,0,0.01,0,65414,78680,29,58.1,26.53,997.36,26.63,71.18,65414,0.12,Sun Jan 14 2024 07:31:06 GMT+0700 (Western Indonesia Time),Sun Jan 14 2024 07:31:06 GMT+0700 (Western Indonesia Time)
1664127,Sun Jan 14 2024 07:01:17 GMT+0700 (Western Indonesia Time),0,0,0,0,0,0,65414,78680,29,58.1,26.53,997.36,26.64,71.18,65414,0.12,Sun Jan 14 2024 07:31:06 GMT+0700 (Western Indonesia Time),Sun Jan 14 2024 07:31:06 GMT+0700 (Western Indonesia Time)
1664128,Sun Jan 14 2024 07:01:17 GMT+0700 (Western Indonesia Time),0,0,0,0,0.01,0,65414,78680,29,58.1,26.53,997.34,26.66,71.18,65414,0.12,Sun Jan 14 2024 07:31:06 GMT+0700 (Western Indonesia Time),Sun Jan 14 2024 07:31:06 GMT+0700 (Western Indonesia Time)
1664129,Sun Jan 14 2024 07:01:17 GMT+0700 (Western Indonesia Time),0,0,0,0,0.01,0,65414,78680,29,58.1,26.53,997.34,26.66,71.17,65414,0.12,Sun Jan 14 2024 07:31:06 GMT+0700 (Western Indonesia Time),Sun Jan 14 2024 07:31:06 GMT+0700 (Western Indonesia Time)
1664130,Sun Jan 14 2024 07:01:17 GMT+0700 (Western Indonesia Time),0,0,0,0,0,0,65414,78680,29,58.1,26.53,997.35,26.66,71.19,65414,0.12,Sun Jan 14 2024 07:31:06 GMT+0700 (Western Indonesia Time),Sun Jan 14 2024 07:31:06 GMT+0700 (Western Indonesia Time)
1664131,Sun Jan 14 2024 07:01:17 GMT+0700 (Western Indonesia Time),0.16,0,0,0,0.01,0,65414,78680,29,58.1,26.53,997.36,26.66,71.18,65414,0.12,Sun Jan 14 2024 07:31:06 GMT+0700 (Western Indonesia Time),Sun Jan 14 2024 07:31:06 GMT+0700 (Western Indonesia Time)
1664132,Sun Jan 14 2024 07:01:18 GMT+0700 (Western Indonesia Time),0,0,0,0,0.01,0,65414,78680,29,58.1,26.53,997.36,26.66,71.19,65414,0.12,Sun Jan 14 2024 07:31:06 GMT+0700 (Western Indonesia Time),Sun Jan 14 2024 07:31:06 GMT+0700 (Western Indonesia Time)
1664133,Sun Jan 14 2024 07:01:18 GMT+0700 (Western Indonesia Time),0,0,0,0,0.01,0,65414,78680,29,58.1,26.53,997.36,26.63,71.17,65414,0.12,Sun Jan 14 2024 07:31:06 GMT+0700 (Western Indonesia Time),Sun Jan 14 2024 07:31:06 GMT+0700 (Western Indonesia Time)
1664134,Sun Jan 14 2024 07:01:18 GMT+0700 (Western Indonesia Time),0,0,0,0,0.01,0,65414,78680,29,58.1,26.53,997.36,26.67,71.18,65414,0.12,Sun Jan 14 2024 07:31:06 GMT+0700 (Western Indonesia Time),Sun Jan 14 2024 07:31:06 GMT+0700 (Western Indonesia Time)
1664135,Sun Jan 14 2024 07:01:18 GMT+0700 (Western Indonesia Time),0,0,0,0,0.01,0,65414,78680,29,58.1,26.53,997.35,26.64,71.14,65414,0.12,Sun Jan 14 2024 07:31:06 GMT+0700 (Western Indonesia Time),Sun Jan 14 2024 07:31:06 GMT+0700 (Western Indonesia Time)
1664136,Sun Jan 14 2024 07:01:19 GMT+0700 (Western Indonesia Time),0,0,0,0,0.01,0,65414,78680,29,58.1,26.53,997.35,26.64,71.13,65414,0.12,Sun Jan 14 2024 07:31:06 GMT+0700 (Western Indonesia Time),Sun Jan 14 2024 07:31:06 GMT+0700 (Western Indonesia Time)
1664137,Sun Jan 14 2024 07:01:19 GMT+0700 (Western Indonesia Time),0,0,0,0,0,0,65414,78680,29,58.1,26.53,997.34,26.69,71.19,65414,0.12,Sun Jan 14 2024 07:31:06 GMT+0700 (Western Indonesia Time),Sun Jan 14 2024 07:31:06 GMT+0700 (Western Indonesia Time)
1664138,Sun Jan 14 2024 07:01:19 GMT+0700 (Western Indonesia Time),0,0,0,0,0,0,65414,78680,29,58.1,26.53,997.35,26.69,71.15,65414,0.12,Sun Jan 14 2024 07:31:06 GMT+0700 (Western Indonesia Time),Sun Jan 14 2024 07:31:06 GMT+0700 (Western Indonesia Time)
1664139,Sun Jan 14 2024 07:01:19 GMT+0700 (Western Indonesia Time),0.16,0,0,0,0.01,0,65414,78680,29,58.1,26.53,997.35,26.67,71.15,65414,0.12,Sun Jan 14 2024 07:31:06 GMT+0700 (Western Indonesia Time),Sun Jan 14 2024 07:31:06 GMT+0700 (Western Indonesia Time)
1664140,Sun Jan 14 2024 07:01:19 GMT+0700 (Western Indonesia Time),0,0,0,0,0.01,0,65414,78680,29,58.1,26.53,997.34,26.67,71.16,65414,0.12,Sun Jan 14 2024 07:31:06 GMT+0700 (Western Indonesia Time),Sun Jan 14 2024 07:31:06 GMT+0700 (Western Indonesia Time)